{"cameraMode":{"drawMode":0,"name":"Shaded","section":"Shading Mode"},"sceneLighting":false,"audioPlay":false,"sceneViewState":{"m_AlwaysRefresh":false,"showFog":false,"showSkybox":false,"showFlares":true,"showImageEffects":true,"showParticleSystems":true,"showVisualEffectGraphs":true,"m_FxEnabled":true},"in2DMode":false,"pivot":{"x":0.6218663454055786,"y":1.4917480945587159,"z":1.1823859214782715},"rotation":{"x":0.19627568125724793,"y":-0.3492565453052521,"z":0.07530444115400315,"w":0.9130828976631165},"size":2.924090623855591,"orthographic":false}