{"cameraMode":{"drawMode":0,"name":"Shaded","section":"Shading Mode"},"sceneLighting":false,"audioPlay":false,"sceneViewState":{"m_AlwaysRefresh":false,"showFog":false,"showSkybox":false,"showFlares":true,"showImageEffects":true,"showParticleSystems":true,"showVisualEffectGraphs":true,"m_FxEnabled":true},"in2DMode":false,"pivot":{"x":-0.17994391918182374,"y":2.3546676635742189,"z":0.30400800704956057},"rotation":{"x":0.20675741136074067,"y":-0.20881769061088563,"z":0.04544100910425186,"w":0.9547131657600403},"size":3.043499708175659,"orthographic":false}