{"cameraMode":{"drawMode":0,"name":"Shaded","section":"Shading Mode"},"sceneLighting":false,"audioPlay":false,"sceneViewState":{"m_AlwaysRefresh":false,"showFog":false,"showSkybox":false,"showFlares":true,"showImageEffects":true,"showParticleSystems":true,"showVisualEffectGraphs":true,"m_FxEnabled":true},"in2DMode":false,"pivot":{"x":-1.9980037212371827,"y":4.081627368927002,"z":1.6530873775482178},"rotation":{"x":0.23002751171588899,"y":0.22733402252197267,"z":-0.05512863025069237,"w":0.9445970058441162},"size":5.383472919464111,"orthographic":false}