{"cameraMode":{"drawMode":0,"name":"Shaded","section":"Shading Mode"},"sceneLighting":false,"audioPlay":false,"sceneViewState":{"m_AlwaysRefresh":false,"showFog":false,"showSkybox":false,"showFlares":true,"showImageEffects":true,"showParticleSystems":true,"showVisualEffectGraphs":true,"m_FxEnabled":true},"in2DMode":false,"pivot":{"x":-0.25111234188079836,"y":1.7281475067138672,"z":0.29254287481307986},"rotation":{"x":0.02437567338347435,"y":-0.8508190512657166,"z":0.039949048310518268,"w":0.5233156085014343},"size":2.6986570358276369,"orthographic":false}