{"cameraMode":{"drawMode":0,"name":"Shaded","section":"Shading Mode"},"sceneLighting":false,"audioPlay":false,"sceneViewState":{"m_AlwaysRefresh":false,"showFog":false,"showSkybox":false,"showFlares":true,"showImageEffects":true,"showParticleSystems":true,"showVisualEffectGraphs":true,"m_FxEnabled":true},"in2DMode":false,"pivot":{"x":-1.2009961605072022,"y":1.2161558866500855,"z":0.7586561441421509},"rotation":{"x":0.028788065537810327,"y":-0.9438965320587158,"z":0.3173564672470093,"w":0.08668944239616394},"size":5.095693111419678,"orthographic":false}