{"cameraMode":{"drawMode":0,"name":"Shaded","section":"Shading Mode"},"sceneLighting":false,"audioPlay":false,"sceneViewState":{"m_AlwaysRefresh":false,"showFog":false,"showSkybox":false,"showFlares":true,"showImageEffects":true,"showParticleSystems":true,"showVisualEffectGraphs":true,"m_FxEnabled":true},"in2DMode":false,"pivot":{"x":-0.011849641799926758,"y":2.00461483001709,"z":-0.14239859580993653},"rotation":{"x":0.20675741136074067,"y":-0.20881769061088563,"z":0.04544100910425186,"w":0.9547131657600403},"size":2.7202529907226564,"orthographic":false}