{"cameraMode":{"drawMode":0,"name":"Shaded","section":"Shading Mode"},"sceneLighting":false,"audioPlay":false,"sceneViewState":{"m_AlwaysRefresh":false,"showFog":true,"showSkybox":false,"showFlares":true,"showImageEffects":true,"showParticleSystems":true,"showVisualEffectGraphs":true,"m_FxEnabled":true},"in2DMode":false,"pivot":{"x":5.954372882843018,"y":0.0022049604449421169,"z":13.113922119140625},"rotation":{"x":0.02414790354669094,"y":0.918847382068634,"z":-0.05685233697295189,"w":0.3896092474460602},"size":1.01380455493927,"orthographic":false}