{"cameraMode":{"drawMode":0,"name":"Shaded","section":"Shading Mode"},"sceneLighting":false,"audioPlay":false,"sceneViewState":{"m_AlwaysRefresh":false,"showFog":false,"showSkybox":false,"showFlares":true,"showImageEffects":true,"showParticleSystems":true,"showVisualEffectGraphs":true,"m_FxEnabled":true},"in2DMode":false,"pivot":{"x":1.4145269393920899,"y":2.3531665802001955,"z":0.05765843391418457},"rotation":{"x":0.20675741136074067,"y":-0.20881769061088563,"z":0.04544100910425186,"w":0.9547131657600403},"size":3.2860910892486574,"orthographic":false}