{"cameraMode":{"drawMode":0,"name":"Shaded","section":"Shading Mode"},"sceneLighting":false,"audioPlay":false,"sceneViewState":{"m_AlwaysRefresh":false,"showFog":true,"showSkybox":false,"showFlares":true,"showImageEffects":true,"showParticleSystems":true,"showVisualEffectGraphs":true,"m_FxEnabled":true},"in2DMode":false,"pivot":{"x":1.7881393432617188e-7,"y":0.872913122177124,"z":-0.004934638738632202},"rotation":{"x":-0.09165731817483902,"y":0.9032261967658997,"z":-0.24154643714427949,"w":-0.3427627384662628},"size":0.8796240091323853,"orthographic":false}