{"cameraMode":{"drawMode":0,"name":"Shaded","section":"Shading Mode"},"sceneLighting":false,"audioPlay":false,"sceneViewState":{"m_AlwaysRefresh":false,"showFog":false,"showSkybox":false,"showFlares":true,"showImageEffects":true,"showParticleSystems":true,"showVisualEffectGraphs":true,"m_FxEnabled":true},"in2DMode":false,"pivot":{"x":0.06573116779327393,"y":0.23293329775333405,"z":0.019420862197875978},"rotation":{"x":0.25393444299697878,"y":-0.6211625337600708,"z":0.2237945944070816,"w":0.7067429423332214},"size":0.9879947304725647,"orthographic":false}