{"cameraMode":{"drawMode":0,"name":"Shaded","section":"Shading Mode"},"sceneLighting":false,"audioPlay":false,"sceneViewState":{"m_AlwaysRefresh":false,"showFog":true,"showSkybox":false,"showFlares":true,"showImageEffects":true,"showParticleSystems":true,"showVisualEffectGraphs":true,"m_FxEnabled":true},"in2DMode":false,"pivot":{"x":0.36549997329711916,"y":0.6180000305175781,"z":43.622501373291019},"rotation":{"x":0.1253780871629715,"y":-0.8724848031997681,"z":0.36418986320495608,"w":0.30063578486442568},"size":44.14514923095703,"orthographic":false}